{"cameraMode":{"drawMode":0,"name":"Shaded","section":"Shading Mode"},"sceneLighting":false,"audioPlay":false,"sceneViewState":{"showFog":true,"showMaterialUpdate":false,"showSkybox":false,"showFlares":true,"showImageEffects":true,"showParticleSystems":true},"in2DMode":false,"pivot":{"x":-0.33500000834465029,"y":-0.10459999740123749,"z":0.33500000834465029},"rotation":{"x":-0.11467563360929489,"y":0.8149541616439819,"z":-0.17268745601177216,"w":-0.541182279586792},"size":0.40893709659576418,"orthographic":false}