{"cameraMode":{"drawMode":0,"name":"Shaded","section":"Shading Mode"},"sceneLighting":false,"audioPlay":false,"sceneViewState":{"showFog":true,"showMaterialUpdate":false,"showSkybox":false,"showFlares":true,"showImageEffects":true,"showParticleSystems":true},"in2DMode":false,"pivot":{"x":-0.09709999710321427,"y":0.03620000183582306,"z":-0.0009999996982514859},"rotation":{"x":-0.2423466145992279,"y":-0.013972649350762368,"z":0.003490736708045006,"w":-0.9700828790664673},"size":0.17553608119487763,"orthographic":false}