{"cameraMode":{"drawMode":0,"name":"Shaded","section":"Shading Mode"},"sceneLighting":true,"audioPlay":false,"sceneViewState":{"showFog":true,"showMaterialUpdate":false,"showSkybox":true,"showFlares":true,"showImageEffects":true,"showParticleSystems":true},"in2DMode":false,"pivot":{"x":-0.12902238965034486,"y":0.19166526198387147,"z":0.7294944524765015},"rotation":{"x":-0.021301571279764177,"y":-0.024894405156373979,"z":0.0005306689417921007,"w":-0.9994630217552185},"size":0.12496978044509888,"orthographic":false}